sensor_id,anomaly_rate
1,0.0
2,0.0
3,0.0
4,0.0
5,0.0
6,0.054895302773061684
7,0.0
8,0.025867786867123592
9,0.018107476635514017
