{
  "MAE": 6.6998641717261185,
  "RMSE": 17.707639911463712
}